Paper No.,Year,Author(s),Research Problem,Dataset / Data Source,Main Findings,Limitation,Relevance to Proposed Research
1,2026,"Adeyemo, A.A.; Atanda, O.G.; Oyebade, A.I.",Phishing email detection using PCA and machine learning,Email dataset; PCA; machine learning,Improved interpretability and good detection accuracy,PCA may remove important features,Shows how automated security analysis can still require careful feature selection
2,2025,"Slapničar, S.; Axelsen, M.; Eulerich, M.",Cyber-risk measurement and management,27 interviews across five organisations; risk documents and dashboards,Qualitative measurement remained common despite claims of quantitative cyber-risk management,Small qualitative sample limits generalisability,Supports better integration of measurable risk assessment with management
18,2024,Ahmad Zainudin Mahfud; Ira Rosianal Hikmah; Septia Ulfa Sunaringtyas; Tiyas Yulita,Information-security risk management system for a local agency,"Interviews, observations, questionnaires and document reviews",102 risk scenarios; risk evaluation and control recommendations,No detailed implementation testing or post-implementation evaluation,Supports structured risk identification and measurable prioritization
19,2023,Iturbe et al.,Information-security risk assessment methodology for industrial systems,"Industrial assets, threats and associated risks",Structured assessment supporting security measures and compliance,Requires wider validation across environments,Supports structured asset-threat-risk assessment
20,2024,"Alonso, R.; Haber, R. E.; Castaño, F.; Reforgiato Recupero, D.",Security and privacy approach for interoperable manufacturing platforms,KITT4SME project data and four pilot cases,Hybrid risk- and goal-oriented framework,Additional framework layers can increase complexity,Shows the trade-off between detailed frameworks and practical usability
21,2024,"Rosado, D. G.; Sánchez, L. E.; Varela-Vaca, Á. J.; Santos-Olmo, A.; Gómez-López, M. T.; Gasca, R. M.; Fernández-Medina, E.",Business-process security risk assessment and management,Healthcare business-process case,Automatic risk analysis and security-control linkage,Asset identification still requires manual/context-specific work and expert knowledge,Supports automation while highlighting expert-dependence limitations
22,2025,Robert Luh; Sebastian Eresheim; Simon Gmeiner; Paul Tavolato; Andreas Holzinger; Thomas Petelin; Sebastian Schrittwieser,Quantitative cybersecurity risk model,"MITRE ATT&CK, MITRE D3FEND and CAPEC knowledge bases",Quantitative attack/defence probability and impact modelling,Requires security-expert domain knowledge,Shows value of quantitative risk modelling while supporting a simpler prototype scope
24,2024,"Rios-Aguilar, Sergio; Beltrán, Marta; González-Cre Yi-Chih Yang; Yu-Chen Chen; Rubén",NFC/IIoT threat and vulnerability analysis,"NFC applications, tags, readers, backend systems and attack scenarios",STRIDE and attack-tree threat modelling,Primarily conceptual; requires real-world validation,Supports systematic threat identification and risk analysis
25,2025,Changxia Li; Haolin Chen,Supply-chain risk prediction and management,Historical and real-time supply-chain data,"Predictive analysis, machine learning, anomaly detection and blockchain",Advanced approach is outside the proposed CRAT scope,Provides contrast with the simpler non-ML CRAT approach
